Student Name,Majors,Professor Name,Departments
Ellison Jasper,[Biology   Economics   Geology],Okumura Cheryl,Biology,
Hughes Belen,[Comparative Studies in Literature & Culture   Economics   Media Arts & Culture],Chase Anthony,Diplomacy and World Affairs,
Craig Emmanuel,[Cognitive Science   Critical Theory & Social Justice   Psychology],Mehl Lynn,Kinesiology,
Mathis Jadiel,[Diplomacy & World Affairs   Politics   Spanish],Cannon Jeffrey,Chemistry,
Jefferson Matilda,[Undecided   Diplomacy & World Affairs   Urban & Environmental Policy],Hebert Laura,Diplomacy and World Affairs,
Walters Damien,[Art & Art History   English   Philosophy],Lawrence Donald,Mathematics,
Clayton Emely,[Cognitive Science],Chapman Clinton,Psychology,
Green June,[Comparative Studies in Literature & Culture   East Asian Studies   English],Shamasunder Bhavna,Urban/Environmental Policy,
Welch Kendra,[Biology   Diplomacy & World Affairs   Urban & Environmental Policy],Hebert Laura,Diplomacy and World Affairs,
Bass Neil,[Biology   English   Psychology],Pondella Daniel,Biology,
Sexton Liberty,[Diplomacy & World Affairs   Latino/a and Latin American Studies   Politics],Gelbart Nina,History,
Wall Thalia,[English   Media Arts & Culture],Fineman Daniel,English,
Chase Alison,[Biology   Economics   Mathematics],Goffredi Shana,Biology,
Durham Maya,[Art & Art History   Biology   Politics],Guillen Felisa,Spanish and French Studies,
Saunders Anthony,[Biochemistry   Biology   Psychology],Heffernan Mary Beth,Art and Art History,
Jennings Hezekiah,[Diplomacy & World Affairs   Economics   Politics],Solorzano Ronald,Education,
Jacobson Leilani,[Critical Theory & Social Justice   Politics   Urban & Environmental Policy],Upson-Saia Kristi,Religious Studies,
Beltran Anika,[Physics],Schramm Alec,Physics,
Hutchinson Sean,[Cognitive Science   Economics   Psychology],Sherman Aleksandra,Cognitive Science,
Mata Rylee,[Cognitive Science   Psychology   Spanish],Moazzam-Doulat Malek,Religious Studies,
Ramos Brice,[Art & Art History   Japanese   Psychology],Chi Tsung,Politics,
Villanueva Tianna,[Diplomacy & World Affairs   Psychology   Spanish],Knoerr Alan,Mathematics,
Landry Nia,[Critical Theory & Social Justice   Diplomacy & World Affairs   Politics],Lang John,Sociology,
Rogers Zachery,[Geology   Physics   Urban & Environmental Policy],Larsen Darren,Geology,
Cherry Houston,[Economics   Psychology   Urban & Environmental Policy],Solorzano Ronald,Education,
Everett Lorena,[Economics],Mora Jesse,Economics,
Coleman Karson,[Biology   Cognitive Science   Psychology],Moses Kelema,Art and Art History,
Lowery Joslyn,[Undecided   Psychology   Urban & Environmental Policy],Traiger Saul,Philosophy,
Walter Laci,[Media Arts & Culture],Maeda Donna,Critical Theory/Social Justice,
Marks Elise,[Critical Theory & Social Justice   Politics],Bogue Scott,Geology,
Henderson Cole,[Biology   Chemistry   Cognitive Science],Lasater-Munson Linda,Chemistry,
Carter Krish,[Diplomacy & World Affairs   Politics],Chi Tsung,Politics,
Estes Duncan,[Art & Art History   Media Arts & Culture   Urban & Environmental Policy],Kim Brian,Psychology,
Cantrell Audrey,[Diplomacy & World Affairs   Politics   Theater],Rusmore Margaret,Geology,
Maynard Cheyenne,[Biology   Kinesiology],Parks Virginia,Urban/Environmental Policy,
Pena Camille,[Urban & Environmental Policy],Traiger Saul,Philosophy,
Orozco Donte,[Biochemistry   Biology   Chemistry],Snowden-Ifft Daniel,Physics,
Mcmillan Demetrius,[Biology   Chemistry   Psychology],Chapman Clinton,Psychology,
Cabrera Jasmine,[Economics   Psychology],Ngo Diana,Economics,
Hobbs Matias,[Critical Theory & Social Justice   English   Media Arts & Culture],Grayson Susan,Spanish and French Studies,
Sosa Viviana,[Biology   Geology   Urban & Environmental Policy],Schmiedeshoff George,Physics,
Gates Susan,[Economics   Mathematics],Wandschneider Kirsten,Economics,
Zimmerman Charlee,[Physics],Eggleston Dennis,Physics,
Klein Gianni,[Critical Theory & Social Justice   Spanish   Urban & Environmental Policy],Ezaki Motoko,East Asian Languages/Cultures,
Freeman Mike,[Comparative Studies in Literature & Culture   Critical Theory & Social Justice   English],Lawrence Donald,Mathematics,
Tucker Leroy,[Cognitive Science   Psychology],Levitan Carmel,Cognitive Science,
Mendez Rayne,[Undecided   Cognitive Science   Politics],Kozinn Sarah,Theater,
Love William,[Biology],Braker H. Elizabeth,Biology,
Ortiz Darnell,[Biochemistry   Biology   Chemistry],Yin Xiao-huang,American Studies,
Davenport Zackery,[Diplomacy & World Affairs   Economics   Urban & Environmental Policy],Chu Lan,Diplomacy and World Affairs,
Joseph Raymond,[Diplomacy & World Affairs   Politics   Sociology],Ford James,English,
Buckley Francesca,[Mathematics],Naimi Ramin,Mathematics,
Dillon Nataly,[Psychology   Sociology],Schell Anne,Psychology,
Colon Kaia,[Politics   Psychology],Gonzalez Thalia,Politics,
Hudson Muhammad,[Diplomacy & World Affairs   English   Media Arts & Culture],Schramm Alec,Physics,
Cannon Jordan,[Media Arts & Culture   Theater],Stone Marla,History,
Ross Sandra,[Biology   Diplomacy & World Affairs   Kinesiology],Besemer Linda,Art and Art History,
Carroll Kaitlynn,[History   Theater],Gelbart Nina,History,
Castro Allie,[Cognitive Science   Comparative Studies in Literature & Culture   Religious Studies],Linden Diana,Cognitive Science,
Hale Gretchen,[Diplomacy & World Affairs   East Asian Studies   French],Kim Brian,Psychology,
Horn Jakob,[Critical Theory & Social Justice   Economics   Sociology],Kasunic David,Music,
Powell Abram,[Critical Theory & Social Justice   Diplomacy & World Affairs   Urban & Environmental Policy],Stocking Damian,Comparative Studies/Lit & Cult,
Richard Carson,[Comparative Studies in Literature & Culture   English   Theater],Sadd James,Geology,
Shepard Mylie,[Undecided   Diplomacy & World Affairs   Philosophy],Craney Chris,Chemistry,
Dodson Harper,[Psychology],Shtulman Andrew,Psychology,
Underwood Ana,[English   Theater],Fineman Daniel,English,
Robertson Gael,[Media Arts & Culture   Music   Theater],Puerto Alexandra,History,
Acosta Arielle,[Economics   Politics],Studenmund A. Harwood,Economics,
Haley Kade,[Diplomacy & World Affairs   Politics   Urban & Environmental Policy],Naylor D. Keith,Religious Studies,
Burton Sylvia,[Undecided],Christianakis Mary,Critical Theory/Social Justice,
Skinner Messiah,[Cognitive Science   French   Psychology],Prebel Julie,Writing and Rhetoric,
Stafford Halle,[Undecided   Diplomacy & World Affairs   Psychology],Sadd James,Geology,
Jenkins Mathew,[Kinesiology],Roberts Christian,Kinesiology,
Harvey Joy,[History   Spanish   Urban & Environmental Policy],Gelbart Nina,History,
Maldonado Ishaan,[Philosophy   Politics   Psychology],Homiak Marcia,Philosophy,
Glover Wayne,[Diplomacy & World Affairs   Spanish],Piscopo Jennifer,Politics,
Larson Lyric,[Economics   Mathematics],Ashenmiller Bevin,Economics,
Morales Aurora,[French   Kinesiology],Lukes Heather,Critical Theory/Social Justice,
Soto Warren,[Critical Theory & Social Justice   Sociology   Urban & Environmental Policy],Griffin G.,Critical Theory/Social Justice,
Nelson Brenda,[Critical Theory & Social Justice   Diplomacy & World Affairs   Economics],Mehl Lynn,Kinesiology,
Fuller Zayden,[Biology   Politics   Psychology],Trevizo Dolores,Sociology,
Cardenas Alfonso,[Biology   Diplomacy & World Affairs   Politics],Yin Xiao-huang,American Studies,
Lloyd Miriam,[Diplomacy & World Affairs   Japanese   Politics],Dess Nancy,Psychology,
Marquez Chaim,[Diplomacy & World Affairs   Philosophy   Politics],Rodriguez Jaclyn,Psychology,
Floyd Deegan,[French   Mathematics],Horowitz Maryanne,History,
Stuart Santos,[Cognitive Science   English   Sociology],Snowden-Ifft Daniel,Physics,
Fernandez Israel,[Diplomacy & World Affairs   Spanish   Urban & Environmental Policy],Freer Regina,Politics,
Le Bo,[Biology   Media Arts & Culture   Music],Martin Gary,Biology,
Ramirez Kash,[Cognitive Science   Kinesiology],Mithlo Nancy Marie,Art and Art History,
Stanton Trenton,[Diplomacy & World Affairs   Latino/a and Latin American Studies   Urban & Environmental Policy],Newhall Eric,English,
Irwin Allison,[Critical Theory & Social Justice   Sociology],Scheel Janet,Physics,
Oliver Lilian,[Economics   Philosophy   Urban & Environmental Policy],Lehr Brandon,Economics,
Pugh Meredith,[Mathematics   Sociology],Lengyel Tamas,Mathematics,
Parks Dana,[Economics   History   Urban & Environmental Policy],Bogue Scott,Geology,
Rollins Isaac,[Diplomacy & World Affairs   Economics   Mathematics],Blythe Ann,Geology,
Park Franklin,[Undecided   Biology   Cognitive Science],Ball Erica,American Studies,
Hawkins Joseph,[Diplomacy & World Affairs   Economics   Politics],Trevizo Dolores,Sociology,
Montoya Payton,[Kinesiology   Psychology],Raney Marcella,Kinesiology,
Gaines Gerald,[Cognitive Science   Media Arts & Culture   Psychology],Sherman Aleksandra,Cognitive Science,
Riddle Devyn,[Critical Theory & Social Justice   Sociology   Urban & Environmental Policy],Heffernan Mary Beth,Art and Art History,
Daugherty Johan,[Diplomacy & World Affairs   French   Media Arts & Culture],Lyford Amy,Art and Art History,
Owens Kiley,[Undecided],Knoerr Alan,Mathematics,
Dixon Jeffrey,[Latino/a and Latin American Studies],Stone Marla,History,
Boyer Cherish,[Economics   Media Arts & Culture   Psychology],Gonzalez Thalia,Politics,
Rich Kathy,[Biochemistry   Biology   Chemistry],Knoerr Alan,Mathematics,
Butler Taniya,[Economics],Umanskaya Victoria,Economics,
Arroyo Ayanna,[Economics   Spanish],Chu Lan,Diplomacy and World Affairs,
Kline Angelique,[Biology   English   Psychology],Zellmer McCormack Amanda,Biology,
Mcclain Jayce,[Chemistry   Physics   Spanish],Brighouse Carolyn,Philosophy,
Owen Charlie,[Undecided   Biology   Politics],Littlejohn Krystale,Sociology,
Velez Karlie,[Biochemistry],Khagram Sanjeev,Diplomacy and World Affairs,
Gregory Deon,[Critical Theory & Social Justice   Diplomacy & World Affairs   Psychology],Oze Christopher,Geology,
Horne Paxton,[Critical Theory & Social Justice   Diplomacy & World Affairs   Urban & Environmental Policy],Sadd James,Geology,
Hamilton Camryn,[Undecided   Cognitive Science   Media Arts & Culture],Prebel Julie,Writing and Rhetoric,
Hurley Luka,[Economics   English],Morrissey Clair,Philosophy,
Cervantes Aimee,[Biology   Kinesiology   Urban & Environmental Policy],Pondella Daniel,Biology,
Logan Porter,[Diplomacy & World Affairs   Economics   Music],Tahani-Madain Amy,English,
Griffith Connor,[Art & Art History   Economics   Psychology],Mora Jesse,Economics,
Cole Adrienne,[Diplomacy & World Affairs   Philosophy   Politics],Homiak Marcia,Philosophy,
Bowman Bria,[Economics   History],Ellis Robert,Spanish and French Studies,
Gay Georgia,[Art & Art History   Comparative Studies in Literature & Culture   Critical Theory & Social Justice],Burkdall Thomas,Writing and Rhetoric,
Snow Eve,[Economics   Mathematics],Lopez Mary,Economics,
Wade Carina,[Economics   Mathematics],Jalil Andrew,Economics,
Snyder Kaleigh,[Cognitive Science   Theater],Linden Diana,Cognitive Science,
Gillespie Oswaldo,[Psychology],Rodriguez Jaclyn,Psychology,
Schultz Deven,[Sociology],Morrissey Clair,Philosophy,
Parker Athena,[Biology   Urban & Environmental Policy],McCormack John,Biology,
Atkinson Clay,[Critical Theory & Social Justice   Physics   Urban & Environmental Policy],Parks Virginia,Urban/Environmental Policy,
Foster Tiffany,[Comparative Studies in Literature & Culture   Critical Theory & Social Justice   Theater],Fernandez Salvador,Spanish and French Studies,
Stanley Jaden,[Politics   Spanish   Urban & Environmental Policy],Heldman Caroline,Politics,
Malone Marquis,[Biology   Comparative Studies in Literature & Culture   Diplomacy & World Affairs],Rusmore Margaret,Geology,
Anderson Lydia,[Diplomacy & World Affairs   English   Theater],Christianakis Mary,Critical Theory/Social Justice,
Wilcox Charles,[Biology],Goffredi Shana,Biology,
Moody Abbey,[Economics   Media Arts & Culture   Psychology],Moore Robert,Economics,
Luna Reed,[Diplomacy & World Affairs   Politics   Urban & Environmental Policy],Lopez Adelaida,Spanish and French Studies,
Brennan Jaylen,[Art & Art History   Critical Theory & Social Justice   Spanish],Wyatt Jean,English,
Farrell Chris,[Biology   Cognitive Science],Mithlo Nancy Marie,Art and Art History,
Vaughan Kallie,[Diplomacy & World Affairs   Politics   Spanish],Freas Debra,Comparative Studies/Lit & Cult,
Richards Mireya,[Kinesiology   Psychology],Mehl Lynn,Kinesiology,
Hebert Annabella,[Chemistry   Latino/a and Latin American Studies   Psychology],Spain Eileen,Chemistry,
Dennis Lincoln,[English   Philosophy],Neti Leila,English,
Waters Alyssa,[Kinesiology],Spain Eileen,Chemistry,
Meadows Reagan,[Comparative Studies in Literature & Culture   English   Politics],Shamasunder Bhavna,Urban/Environmental Policy,
Bolton Aliza,[Economics],Studenmund A. Harwood,Economics,
Nolan Rory,[Diplomacy & World Affairs   History   Politics],Lyford Amy,Art and Art History,
Keller Wade,[Psychology],Dess Nancy,Psychology,
Duke Dean,[Media Arts & Culture],Terry Clarence,Education,
Mora Amber,[English   Psychology],Hopmeyer Andrea,Psychology,
Meyers Roy,[Comparative Studies in Literature & Culture   Politics   Spanish],Boesche Roger,Politics,
Shields Davian,[Theater],Upson-Saia Kristi,Religious Studies,
Lambert Hailie,[Biochemistry   Biology   Kinesiology],Basu Treena,Mathematics,
Drake Harold,[Biology],Nersissian Aram,Chemistry,
David Juliet,[Biochemistry   Chemistry],Kim Brian,Psychology,
Cochran Garrett,[Urban & Environmental Policy],Chi Tsung,Politics,
Allen Rodney,[Computer Science],Miller Jeffrey,Computer Science,
Garrison Nash,[Critical Theory & Social Justice   Diplomacy & World Affairs   Psychology],Heldman Caroline,Politics,
Ibarra Reid,[Critical Theory & Social Justice   Latino/a and Latin American Studies   Media Arts & Culture],Mora Richard,Sociology,
Zhang Reagan,[Undecided   Biochemistry   Biology],Tahani-Madain Amy,English,
Braun Jaime,[Diplomacy & World Affairs   Group Language   Politics],Reddy Movindri,Diplomacy and World Affairs,
Yu Marlie,[Art & Art History   Economics],Besemer Linda,Art and Art History,
Jackson Jane,[Biology   Psychology   Urban & Environmental Policy],Okumura Cheryl,Biology,
Callahan Finnegan,[Biochemistry   Biology   Chemistry],Sabo William,Philosophy,
Lane Killian,[Critical Theory & Social Justice   Media Arts & Culture   Urban & Environmental Policy],Johnson Mary,Spanish and French Studies,
Williamson Hugo,[Psychology   Sociology],Sousa Lisa,History,
Burke Christine,[Economics   Philosophy   Psychology],Miller Jeffrey,Computer Science,
Oneal Mathias,[Critical Theory & Social Justice   Diplomacy & World Affairs],Baker Courtney,American Studies,
Gonzalez Hamza,[Biology   History   Psychology],North Gretchen,Biology,
Whitehead Immanuel,[Chinese   Comparative Studies in Literature & Culture   Group Language],Kim Brian,Psychology,
Valentine Nehemiah,[Diplomacy & World Affairs   Politics   Sociology],Dreier Peter,Urban/Environmental Policy,
Ryan Tania,[Undecided   Media Arts & Culture   Urban & Environmental Policy],Lang John,Sociology,
Franco Brooklyn,[Art & Art History   Chemistry],Tahani-Madain Amy,English,
Guerra Tanya,[Biology],North Gretchen,Biology,
Chung Vicente,[Critical Theory & Social Justice   Politics   Psychology],Chase Anthony,Diplomacy and World Affairs,
Vang Martha,[Mathematics   Physics   Politics],Lal Nishu,Mathematics,
Gibson Jamiya,[Critical Theory & Social Justice   Diplomacy & World Affairs   Sociology],Raney Marcella,Kinesiology,
Decker Abbie,[Kinesiology   Mathematics   Physics],de Fren Allison,Media Arts and Culture,
Mcneil Daniela,[Undecided],Neti Leila,English,
Campos Amiya,[Undecided   Critical Theory & Social Justice   English],Hong Jane,History,
Singh Ashly,[Economics   English   Psychology],Ngo Diana,Economics,
Blake Kendall,[Psychology   Sociology   Urban & Environmental Policy],Bouchard John,Theater,
Alvarado Colten,[Diplomacy & World Affairs   Geology   Spanish],Buckmire Ron,Mathematics,
Roach Braden,[Biochemistry   Biology   Economics],de Fren Allison,Media Arts and Culture,
Rowland Allan,[Economics],Umanskaya Victoria,Economics,
Conway Heather,[Biology],Lasater-Munson Linda,Chemistry,
Coffey Rowan,[Diplomacy & World Affairs   Psychology   Sociology],Horowitz Maryanne,History,
Gonzales Dane,[Economics   Media Arts & Culture   Urban & Environmental Policy],Lehr Brandon,Economics,
Gomez Moriah,[Undecided],Day Alexander,History,
Ponce Dillon,[Diplomacy & World Affairs   Economics],Wright Dale,Religious Studies,
Graham Vivian,[Geology   Physics],Goffredi Shana,Biology,
Galloway Jesse,[Diplomacy & World Affairs   English   Politics],Saint-Aubin Arthur,Spanish and French Studies,
Walsh Cohen,[Chemistry   Music],Nersissian Aram,Chemistry,
Wagner Brendan,[Biology   Kinesiology   Music],McCormack John,Biology,
Moore Laylah,[Cognitive Science   Mathematics   Theater],Rusmore Margaret,Geology,
Hunter August,[Biology   Cognitive Science   Diplomacy & World Affairs],Spain Eileen,Chemistry,
Christensen Rose,[Biology   Politics   Urban & Environmental Policy],Martin Gary,Biology,
Wilkinson Rowan,[Mathematics   Physics],Basu Treena,Mathematics,
Hester Malakai,[English   Politics],Ford James,English,
Serrano Asia,[Biochemistry   Biology],Wright Dale,Religious Studies,
Bradshaw Dwayne,[Urban & Environmental Policy],Shearer Derek,Diplomacy and World Affairs,
Nixon Glenn,[Cognitive Science   Diplomacy & World Affairs   Politics],Sherman Aleksandra,Cognitive Science,
Spears Lexi,[Diplomacy & World Affairs   Economics],Li Ning Hui,Computer Science,
Leach Maverick,[Cognitive Science   Diplomacy & World Affairs],Linden Diana,Cognitive Science,
Obrien Kaeden,[Economics],Studenmund A. Harwood,Economics,
Turner Abagail,[Economics   Media Arts & Culture   Theater],Chiou Lesley,Economics,
Rosario Alicia,[Kinesiology   Psychology],Moazzam-Doulat Malek,Religious Studies,
Browning Cassie,[Biology   Diplomacy & World Affairs],Okumura Cheryl,Biology,
Bentley Alice,[Diplomacy & World Affairs   Politics],Basu Treena,Mathematics,
Boyle Greyson,[Undecided   Mathematics   Media Arts & Culture],Burkdall Thomas,Writing and Rhetoric,
Kelley Darius,[Comparative Studies in Literature & Culture   Diplomacy & World Affairs   Politics],Schmiedeshoff George,Physics,
Black Francis,[Undecided   Diplomacy & World Affairs   English],Parks Virginia,Urban/Environmental Policy,
Foley Keyla,[Kinesiology],Rugg Stuart,Kinesiology,
Olson Dakota,[Media Arts & Culture   Philosophy   Physics],Newhall Eric,English,
Shah Kiana,[Undecided],Christianakis Mary,Critical Theory/Social Justice,
Eaton Kristopher,[Critical Theory & Social Justice   Sociology   Urban & Environmental Policy],Littlejohn Krystale,Sociology,
Sullivan Ernesto,[Biology   Diplomacy & World Affairs   Media Arts & Culture],Schindelman Gary,Biology,
Hood Parker,[Art & Art History   French   Media Arts & Culture],Fox Broderick,Media Arts and Culture,
Brewer Armando,[Critical Theory & Social Justice   Diplomacy & World Affairs   Media Arts & Culture],Mora Richard,Sociology,
Barnett Eli,[Group Language   Japanese   Mathematics],Cortes Juvenal,Diplomacy and World Affairs,
Chaney Urijah,[Biology],Pollock Roberta,Biology,
Ho Hadassah,[Mathematics   Physics   Spanish],Lengyel Tamas,Mathematics,
Guerrero Yair,[Biochemistry   Biology],Wright Dale,Religious Studies,
Hines Angel,[Undecided   Kinesiology   Spanish],Terry Clarence,Education,
Lucero Eliana,[Economics],Lopez Mary,Economics,
Mason Morgan,[Undecided   Diplomacy & World Affairs   Economics],Reddy Movindri,Diplomacy and World Affairs,
Frey Aedan,[Undecided   Biology   Mathematics],Bouchard John,Theater,
Short Aleah,[French   Media Arts & Culture   Theater],Ngo Diana,Economics,
Day Jarrett,[Diplomacy & World Affairs   Politics   Urban & Environmental Policy],de Fren Allison,Media Arts and Culture,
Mclaughlin Miracle,[Economics   Politics],Hill Michael,Chemistry,
Cain Teresa,[Undecided   Diplomacy & World Affairs   Politics],Freas Debra,Comparative Studies/Lit & Cult,
Garcia Brayan,[Psychology],Hopmeyer Andrea,Psychology,
Barrera Janiah,[English   Music],Lerner Ross,English,
Sanders Skyler,[Diplomacy & World Affairs   English   Politics],Buckmire Ron,Mathematics,
Strickland Gaige,[Diplomacy & World Affairs],Rodriguez Jaclyn,Psychology,
Murphy Nathanael,[Cognitive Science   Politics   Psychology],Miller Jeffrey,Computer Science,
Dickerson Bryant,[Chemistry   Kinesiology   Physics],Craney Chris,Chemistry,
Mercado Yazmin,[History   Urban & Environmental Policy],Freer Regina,Politics,
Cobb Tyson,[Comparative Studies in Literature & Culture   Diplomacy & World Affairs   English],Lerner Ross,English,
Haynes Peter,[Economics   Media Arts & Culture   Sociology],Chiou Lesley,Economics,
Ballard Paityn,[American Studies   Art & Art History   Critical Theory & Social Justice],Bogue Scott,Geology,
Haney Chloe,[Critical Theory & Social Justice   Economics   Psychology],Baker Courtney,American Studies,
Barnes Jazlene,[Diplomacy & World Affairs   History   Politics],Brighouse Carolyn,Philosophy,
Cook Richard,[Cognitive Science   Critical Theory & Social Justice   Psychology],Boesche Roger,Politics,
Marshall Toby,[Undecided   Chemistry   Cognitive Science],de Fren Allison,Media Arts and Culture,
Velasquez Adam,[Economics   Psychology   Spanish],Shelton Michael,Spanish and French Studies,
Contreras Jayden,[English   Media Arts & Culture   Psychology],Montag Warren,English,
Arias Miranda,[Chemistry   Mathematics],Udit Andrew,Chemistry,
Gallegos Kobe,[Diplomacy & World Affairs   Economics   Politics],Kozinn Sarah,Theater,
Kemp Marvin,[Economics   Media Arts & Culture],Wandschneider Kirsten,Economics,
Warner Broderick,[Theater],Cannon Jeffrey,Chemistry,
Mcdowell Eugene,[Undecided],Cannon Jeffrey,Chemistry,
Baird Rebekah,[Biology   Psychology],Upson-Saia Kristi,Religious Studies,
Guzman Erika,[Undecided   Art & Art History   Media Arts & Culture],Sundberg Eric,Mathematics,
Maddox Peyton,[Biology   Economics],Neti Leila,English,
Flores Simon,[Critical Theory & Social Justice   Diplomacy & World Affairs   Politics],Lorenz Shanna,Music,
Rowe Grace,[Diplomacy & World Affairs   Media Arts & Culture   Politics],Rugg Stuart,Kinesiology,
Hartman Van,[Economics   Media Arts & Culture   Urban & Environmental Policy],Roberts Christian,Kinesiology,
Castillo Jamarion,[Music   Philosophy   Psychology],Girton Irene,Music,
Mann Aniya,[Psychology],Rodriguez Jaclyn,Psychology,
Nunez Samuel,[Critical Theory & Social Justice   Politics   Sociology],Littlejohn Krystale,Sociology,
Medina Ayana,[Biochemistry   Biology   Urban & Environmental Policy],Shelton Michael,Spanish and French Studies,
Moran Carlos,[Chemistry   Economics   Kinesiology],Kasunic David,Music,
Stein Lilianna,[Critical Theory & Social Justice   Media Arts & Culture   Politics],Reddy Movindri,Diplomacy and World Affairs,
Baldwin Leonard,[Diplomacy & World Affairs   Politics   Spanish],Wandschneider Kirsten,Economics,
Conner Chanel,[Diplomacy & World Affairs   Politics],Lyke Linda,Art and Art History,
Li Jayla,[Biology   Sociology],Elsayed Hanan,Spanish and French Studies,
Yates Paola,[Economics   Philosophy   Politics],Lasater-Munson Linda,Chemistry,
Solomon Anya,[Biology   Diplomacy & World Affairs   History],Udit Andrew,Chemistry,
Morrow Heaven,[Biochemistry   Biology   Chemistry],Larsen Darren,Geology,
Trevino Emily,[Biochemistry],Braker H. Elizabeth,Biology,
Vaughn Zechariah,[Biochemistry   Kinesiology],Mithlo Nancy Marie,Art and Art History,
Fischer Eliza,[Cognitive Science   Group Language   Urban & Environmental Policy],Levitan Carmel,Cognitive Science,
Hahn Isabelle,[Comparative Studies in Literature & Culture   Critical Theory & Social Justice   Diplomacy & World Affairs],Rusmore Margaret,Geology,
Shelton Jovan,[Cognitive Science   Economics   Kinesiology],Miller Jeffrey,Computer Science,
Padilla Tess,[Media Arts & Culture   Psychology   Sociology],Sousa Lisa,History,
Valdez Cheyanne,[History],Hong Jane,History,
Goodwin Allisson,[Mathematics],Daigle Gerald,Mathematics,
Carson Juan,[Biochemistry],Frank Eric,Art and Art History,
Parrish Kyleigh,[Critical Theory & Social Justice   Psychology   Urban & Environmental Policy],Tinberg Nalsey,Mathematics,
Bernard Darian,[Economics],Chiou Lesley,Economics,
Mullins Cindy,[Biochemistry   Biology   Physics],Schindelman Gary,Biology,
Miranda Brisa,[Critical Theory & Social Justice   Politics],Laskin Ari,Media Arts and Culture,
Petty George,[Cognitive Science   Psychology   Sociology],Oze Christopher,Geology,
Washington Natalya,[English],Villa Raul,English,
Huang Phoenix,[Diplomacy & World Affairs   English   Urban & Environmental Policy],Baker Courtney,American Studies,
Villegas Janet,[History   Sociology   Spanish],Fett Sharla,History,
Blanchard Kristina,[Art & Art History   Critical Theory & Social Justice   Philosophy],Ezaki Motoko,East Asian Languages/Cultures,
Salazar Danny,[Media Arts & Culture   Music],Naylor D. Keith,Religious Studies,
Hinton Lyric,[Biochemistry   Biology   Diplomacy & World Affairs],Lyke Linda,Art and Art History,
Cruz Carleigh,[Diplomacy & World Affairs   French   Group Language],Sadd James,Geology,
Knox Deborah,[Diplomacy & World Affairs   Politics],Lin Jan,Sociology,
Bryant Mariela,[Chemistry   Mathematics],Nersissian Aram,Chemistry,
Cordova Daniella,[Theater],Traiger Saul,Philosophy,
Schmitt Yasmin,[Undecided   English   Urban & Environmental Policy],Moses Kelema,Art and Art History,
Garrett Marie,[Economics   Politics],Lehr Brandon,Economics,
Gilbert Lamar,[Philosophy   Politics   Sociology],Sabo William,Philosophy,
Johns Gunnar,[Critical Theory & Social Justice   Media Arts & Culture   Sociology],Scheel Janet,Physics,
Hanna Mitchell,[Undecided   Economics   Media Arts & Culture],Ashenmiller Bevin,Economics,
Forbes Madeleine,[Biology],Schindelman Gary,Biology,
Daniels Willow,[Biochemistry   Biology   Chemistry],Thompson Kerry,Biology,
Duncan Lorenzo,[History   Latino/a and Latin American Studies   Politics],Horowitz Maryanne,History,
Reilly Ella,[Undecided],Villa Raul,English,
Giles Jon,[Psychology],Shearer Derek,Diplomacy and World Affairs,
Ewing Blake,[Diplomacy & World Affairs   Economics   Urban & Environmental Policy],Hebert Laura,Diplomacy and World Affairs,
Barrett Desirae,[Cognitive Science   Media Arts & Culture   Psychology],Parks Virginia,Urban/Environmental Policy,
Moses Hayley,[Biology   Kinesiology],Matsuoka Martha,Urban/Environmental Policy,
Huber Ireland,[Diplomacy & World Affairs   French   Politics],Girton Irene,Music,
Merritt Cierra,[Critical Theory & Social Justice   Spanish   Urban & Environmental Policy],Brighouse Carolyn,Philosophy,
Lee Marley,[Cognitive Science   Philosophy   Psychology],Homiak Marcia,Philosophy,
Edwards Kayla,[Politics   Urban & Environmental Policy],Heldman Caroline,Politics,
Clarke Paulina,[Diplomacy & World Affairs   Economics   Mathematics],Cortes Juvenal,Diplomacy and World Affairs,
Levy Mayra,[Art & Art History   Critical Theory & Social Justice   Sociology],Matsuoka Martha,Urban/Environmental Policy,
Wolfe Jonathan,[Critical Theory & Social Justice   Diplomacy & World Affairs   Urban & Environmental Policy],Frank Eric,Art and Art History,
Petersen Zariah,[Diplomacy & World Affairs   Philosophy   Politics],Burkdall Thomas,Writing and Rhetoric,
Carney Cassius,[Mathematics   Physics],Lal Nishu,Mathematics,
Mcdaniel Logan,[Art & Art History   Cognitive Science   Kinesiology],Meade Laural,Theater,
Mayo Triston,[Diplomacy & World Affairs   Politics   Psychology],Ford James,English,
Murillo Raphael,[Biology   Diplomacy & World Affairs   English],Thompson Kerry,Biology,
Andersen Makai,[Chemistry   Cognitive Science   Psychology],Baran Renee,Biology,
Frost Karma,[Critical Theory & Social Justice   Economics   Sociology],Eggleston Dennis,Physics,
Aguirre Zion,[Biochemistry   Biology   Chemistry],Shamasunder Bhavna,Urban/Environmental Policy,
Liu Shayna,[Undecided   English   Theater],Sabo William,Philosophy,
Reynolds Cristofer,[Critical Theory & Social Justice],Wright Dale,Religious Studies,
Benton Tyshawn,[Urban & Environmental Policy],Matsuoka Martha,Urban/Environmental Policy,
Barton Luciana,[Economics],Djerdjian Daron,Economics,
Weiss Barbara,[Art & Art History   Japanese   Media Arts & Culture],Stone Marla,History,
Rice Isabela,[Undecided   Physics   Politics],Daigle Gerald,Mathematics,
Branch Rishi,[Economics   Mathematics   Physics],Moore Robert,Economics,
Sanchez Gia,[Critical Theory & Social Justice   Diplomacy & World Affairs   History],Meade Laural,Theater,
Benson Luca,[Undecided   Cognitive Science   Psychology],Jalil Andrew,Economics,
Arnold Braydon,[Undecided],Lukes Heather,Critical Theory/Social Justice,
Herrera Izaiah,[Biochemistry   Biology   Chemistry],Richmond Walter,Comparative Studies/Lit & Cult,
Abbott Xzavier,[Kinesiology],Roberts Christian,Kinesiology,
Osborne Jonah,[Undecided   Cognitive Science   Psychology],Griffin G.,Critical Theory/Social Justice,
Ochoa Darren,[Undecided   East Asian Studies   Media Arts & Culture],Solorzano Ronald,Education,
Bridges Eden,[Art & Art History   Media Arts & Culture],Chen Sarah,East Asian Languages/Cultures,
Hoover Cooper,[Economics],Umanskaya Victoria,Economics,
Bush Will,[Media Arts & Culture   Psychology   Sociology],Brighouse Carolyn,Philosophy,
Monroe Savannah,[Cognitive Science   Kinesiology   Psychology],Mithlo Nancy Marie,Art and Art History,
Powers Aiden,[Critical Theory & Social Justice   Diplomacy & World Affairs   Group Language],Khagram Sanjeev,Diplomacy and World Affairs,
Evans Elisha,[Diplomacy & World Affairs   Politics   Urban & Environmental Policy],Mora Jesse,Economics,
Doyle Travis,[Biochemistry   Biology   Chemistry],Lawrence Donald,Mathematics,
Jarvis Nikolai,[Biochemistry   Biology   Chemistry],Guillen Felisa,Spanish and French Studies,
Mcmahon Jaelyn,[East Asian Studies   Psychology   Urban & Environmental Policy],Khagram Sanjeev,Diplomacy and World Affairs,
Mckay Ali,[English   Politics   Urban & Environmental Policy],Wyatt Jean,English,
Delgado Esteban,[English   French],Newhall Eric,English,
Paul Dario,[History   Latino/a and Latin American Studies   Spanish],Sousa Lisa,History,
Riley Oliver,[Undecided],Blythe Ann,Geology,
Mccann Ruben,[Biology   Kinesiology   Psychology],Okumura Cheryl,Biology,
Middleton Kamden,[Diplomacy & World Affairs   Politics   Russian],Chen Sarah,East Asian Languages/Cultures,
Mclean Adriel,[Biochemistry   Biology   Diplomacy & World Affairs],Bogue Scott,Geology,
Peck Ada,[Economics   Media Arts & Culture   Politics],Freas Debra,Comparative Studies/Lit & Cult,
Mills Mckinley,[Diplomacy & World Affairs   English   Politics],Traiger Saul,Philosophy,
Lozano Mya,[Economics],Fineman Daniel,English,
Blackwell Zaid,[Diplomacy & World Affairs   Economics   Politics],Girton Irene,Music,
Stephenson Cael,[Biology   English   Sociology],Cannon Jeffrey,Chemistry,
Blevins Ivy,[Diplomacy & World Affairs   Kinesiology   Psychology],Shtulman Andrew,Psychology,
Donaldson Maribel,[Media Arts & Culture   Psychology],Shtulman Andrew,Psychology,
Ward Meghan,[Diplomacy & World Affairs   Group Language],George Roger,Politics,
Cummings Chandler,[History   Media Arts & Culture],Lopez Adelaida,Spanish and French Studies,
Patterson Elliott,[Japanese   Mathematics   Physics],Guillen Felisa,Spanish and French Studies,
Bowers Khalil,[Kinesiology   Media Arts & Culture   Psychology],Raney Marcella,Kinesiology,
Schneider Dominik,[Biology   Critical Theory & Social Justice   Psychology],Schulz Joseph,Biology,
Mckinney Teagan,[Biochemistry   Kinesiology   Mathematics],Fox Broderick,Media Arts and Culture,
Mcgee Lyla,[Undecided   Biology   Economics],Bouchard John,Theater,
Cross Riya,[East Asian Studies   Japanese   Mathematics],Naimi Ramin,Mathematics,
Castaneda Luna,[Economics   Kinesiology   Mathematics],Djerdjian Daron,Economics,
Howe Alisson,[American Studies   Psychology   Sociology],George Roger,Politics,
Oneill Kinley,[Cognitive Science   Geology   Psychology],Puerto Alexandra,History,
Yoder Davion,[American Studies   Diplomacy & World Affairs   History],Ball Erica,American Studies,
Kaufman Annabelle,[Undecided   Economics   Politics],Schramm Alec,Physics,
Webb Carla,[Japanese   Sociology   Theater],Schoenberg Adam,Music,
Robles Mercedes,[Geology],Oze Christopher,Geology,
Lowe Colton,[Diplomacy & World Affairs   Politics],Daigle Gerald,Mathematics,
Blair Anabella,[Sociology],Lin Jan,Sociology,
Cuevas Nigel,[Economics   Mathematics],Chiou Lesley,Economics,
Gallagher Taniyah,[Kinesiology],Schoenberg Adam,Music,
Phelps Emmy,[Biology   Kinesiology   Psychology],Gratch Susan,Theater,
Carey Marcus,[Critical Theory & Social Justice   Politics   Psychology],Snowden-Ifft Daniel,Physics,
Bowen Jamarcus,[English   Media Arts & Culture],Montag Warren,English,
Hunt Harley,[Diplomacy & World Affairs   Economics   Spanish],Sundberg Eric,Mathematics,
Fowler Seamus,[Diplomacy & World Affairs   Politics],Hill Michael,Chemistry,
Zamora Abbigail,[Economics   Kinesiology   Psychology],Ashenmiller Bevin,Economics,
Myers Byron,[Undecided],Hopmeyer Andrea,Psychology,
Lyons Jazmine,[Politics   Theater],Gonzalez Thalia,Politics,
Krause Precious,[Diplomacy & World Affairs   Japanese   Politics],Fox Broderick,Media Arts and Culture,
Burnett Emanuel,[Kinesiology   Media Arts & Culture],Rugg Stuart,Kinesiology,
Stone Livia,[Politics   Psychology],Scheel Janet,Physics,
Roy Anna,[Economics],Jalil Andrew,Economics,
Pacheco Kaya,[Diplomacy & World Affairs   Economics   Sociology],Grayson Susan,Spanish and French Studies,
Bates Justine,[Critical Theory & Social Justice   Spanish   Urban & Environmental Policy],Laskin Ari,Media Arts and Culture,
Cameron Julissa,[Art & Art History   Diplomacy & World Affairs   Urban & Environmental Policy],McCormack John,Biology,
Gilmore Aron,[Diplomacy & World Affairs   East Asian Studies   Politics],Heldman Caroline,Politics,
Stark Brogan,[Undecided   Psychology   Sociology],Frank Eric,Art and Art History,
Swanson Lauren,[Chemistry   Cognitive Science   Media Arts & Culture],Dreier Peter,Urban/Environmental Policy,
Pace Alden,[Critical Theory & Social Justice   Latino/a and Latin American Studies   Politics],Freer Regina,Politics,
Carrillo Theodore,[Undecided],Cortes Juvenal,Diplomacy and World Affairs,
Dunlap Sincere,[Psychology   Religious Studies   Sociology],Dess Nancy,Psychology,
Rhodes Osvaldo,[Critical Theory & Social Justice   English   Politics],Ngo Diana,Economics,
Matthews Demarion,[Undecided   Media Arts & Culture   Psychology],Puerto Alexandra,History,
Chang Hugh,[English   Media Arts & Culture   Psychology],Fett Sharla,History,
Pruitt Anderson,[Economics],Lukes Heather,Critical Theory/Social Justice,
Conrad Santino,[Undecided],Lorenz Shanna,Music,
Garner Jaydan,[Critical Theory & Social Justice   Media Arts & Culture   Politics],Pondella Daniel,Biology,
Oconnell Zack,[Undecided   Latino/a and Latin American Studies   Spanish],Frank Eric,Art and Art History,
Brown Delaney,[Economics   English   History],Lehr Brandon,Economics,
Sampson Reese,[Undecided],Yin Xiao-huang,American Studies,
Pittman Gracie,[Spanish   Theater   Urban & Environmental Policy],Lopez Adelaida,Spanish and French Studies,
Bruce Rocco,[Biochemistry   Kinesiology   Physics],Hill Michael,Chemistry,
Holt Yasmine,[Politics],George Roger,Politics,
Weaver Chace,[Biology],Schulz Joseph,Biology,
Morris Iyana,[East Asian Studies   Sociology   Spanish],Freas Debra,Comparative Studies/Lit & Cult,
Esparza Cesar,[Critical Theory & Social Justice   Philosophy   Psychology],Gratch Susan,Theater,
Townsend Piper,[Biology   Religious Studies   Theater],Pondella Daniel,Biology,
Gill Trevor,[Psychology   Sociology],Johnson Mary,Spanish and French Studies,
Novak Cloe,[Economics   Kinesiology],Schell Anne,Psychology,
Spencer Maritza,[Critical Theory & Social Justice   Psychology   Sociology],Ellis Robert,Spanish and French Studies,
Valenzuela Arely,[Philosophy],Griffin G.,Critical Theory/Social Justice,
Schwartz Abdiel,[Biochemistry   Diplomacy & World Affairs   Theater],Udit Andrew,Chemistry,
Ford Sienna,[Cognitive Science   Media Arts & Culture   Theater],Piscopo Jennifer,Politics,
Grant Holly,[Economics],Meade Laural,Theater,
Brock Virginia,[Mathematics   Physics   Spanish],Tinberg Nalsey,Mathematics,
Hensley Alivia,[Diplomacy & World Affairs   Media Arts & Culture],Maeda Donna,Critical Theory/Social Justice,
Vance Dashawn,[Diplomacy & World Affairs   Theater],Laskin Ari,Media Arts and Culture,
Randall Jacey,[Undecided   Art & Art History   Media Arts & Culture],Reddy Movindri,Diplomacy and World Affairs,
Wang Felipe,[Biology   Psychology   Sociology],Craney Chris,Chemistry,
Wallace Branden,[Undecided   History   Physics],Lyke Linda,Art and Art History,
George Devon,[Chinese   Diplomacy & World Affairs   Group Language],Ellis Robert,Spanish and French Studies,
Harrington Jacoby,[Music   Psychology   Urban & Environmental Policy],Trevizo Dolores,Sociology,
Franklin Tristan,[Biology   Diplomacy & World Affairs   Kinesiology],Schindelman Gary,Biology,
Walton Talan,[Diplomacy & World Affairs   Economics   Urban & Environmental Policy],Burkdall Thomas,Writing and Rhetoric,
Erickson Jacqueline,[Diplomacy & World Affairs   Economics   Media Arts & Culture],Chapman Clinton,Psychology,
Patton Riley,[Mathematics   Music],Sundberg Eric,Mathematics,
Briggs Ingrid,[Diplomacy & World Affairs   Politics],Chase Anthony,Diplomacy and World Affairs,
Brandt Zaria,[Critical Theory & Social Justice   Spanish   Urban & Environmental Policy],Littlejohn Krystale,Sociology,
Mendoza Maggie,[Media Arts & Culture   Politics   Urban & Environmental Policy],Lin Jan,Sociology,
Moyer Serenity,[Cognitive Science   Diplomacy & World Affairs   Politics],Dreier Peter,Urban/Environmental Policy,
Kim Stephen,[Cognitive Science   Psychology   Sociology],Sherman Aleksandra,Cognitive Science,
Mcgrath Tyrese,[Biology   Urban & Environmental Policy],Schoenberg Adam,Music,
Mcintyre Zachariah,[Biology   Cognitive Science   Psychology],Schramm Alec,Physics,
Watson Elisabeth,[Economics   Philosophy   Politics],Djerdjian Daron,Economics,
Fitzgerald Angela,[Diplomacy & World Affairs   Economics],Eggleston Dennis,Physics,
Fry Gilberto,[Biochemistry],Lengyel Tamas,Mathematics,
Michael Max,[Art & Art History   Critical Theory & Social Justice   Media Arts & Culture],Lyford Amy,Art and Art History,
Alexander Jordyn,[Critical Theory & Social Justice   Diplomacy & World Affairs   Politics],Kasunic David,Music,
Curry Leonidas,[Japanese   Mathematics   Psychology],Lal Nishu,Mathematics,
Griffin Issac,[History   Philosophy   Urban & Environmental Policy],Day Alexander,History,
Diaz Aleena,[History   Media Arts & Culture   Politics],Day Alexander,History,
Solis Lacey,[Biochemistry   Biology],Villa Raul,English,
Todd Valentin,[Cognitive Science   Music   Psychology],Piscopo Jennifer,Politics,
Mckee Bradyn,[Art & Art History   Biology   Japanese],Wandschneider Kirsten,Economics,
Kaiser Cristal,[Art & Art History   Biochemistry   French],Morrissey Clair,Philosophy,
Lutz Victoria,[Undecided   Psychology],Larsen Darren,Geology,
Chavez Aliyah,[Biology   Psychology   Theater],Hill Michael,Chemistry,
Farley Caden,[Critical Theory & Social Justice   Diplomacy & World Affairs   Urban & Environmental Policy],Stocking Damian,Comparative Studies/Lit & Cult,
Joyce Heath,[Biochemistry   Chemistry   Psychology],Pollock Roberta,Biology,
Hendrix Tessa,[Biology   Media Arts & Culture],Braker H. Elizabeth,Biology,
Harmon Roselyn,[Biology   Geology   Physics],Thompson Kerry,Biology,
Nielsen Elvis,[Biology   Diplomacy & World Affairs   Economics],Shearer Derek,Diplomacy and World Affairs,
Curtis Salvatore,[Biochemistry   Biology   Mathematics],Elsayed Hanan,Spanish and French Studies,
Wyatt Ricky,[Undecided],Spain Eileen,Chemistry,
Wheeler Ariella,[Critical Theory & Social Justice   Psychology   Sociology],Lukes Heather,Critical Theory/Social Justice,
Calderon Jasmin,[Economics   Kinesiology   Psychology],Lopez Mary,Economics,
Fletcher Emery,[Economics   History   Politics],Montag Warren,English,
Massey Isabel,[Media Arts & Culture   Music   Psychology],Lyke Linda,Art and Art History,
Spence Marcos,[Biology   Group Language   Sociology],Craney Chris,Chemistry,
Berry Darien,[Biology   Cognitive Science   Psychology],Sousa Lisa,History,
Cortez Willie,[Cognitive Science   Economics   Psychology],Linden Diana,Cognitive Science,
Ball Yael,[Biochemistry   Mathematics   Media Arts & Culture],Zellmer McCormack Amanda,Biology,
Odom Joey,[Diplomacy & World Affairs   History   Psychology],Moazzam-Doulat Malek,Religious Studies,
Ware Sanaa,[Undecided   Cognitive Science   Economics],Chu Lan,Diplomacy and World Affairs,
Wells Andre,[Biology   Politics   Urban & Environmental Policy],Zellmer McCormack Amanda,Biology,
Baker Yuliana,[Diplomacy & World Affairs   Economics],Shelton Michael,Spanish and French Studies,
Herman Antony,[Politics],Piscopo Jennifer,Politics,
Ingram Troy,[Undecided   Biology   Sociology],Fernandez Salvador,Spanish and French